{"IcoMoonType":"selection","icons":[{"icon":{"paths":["M512 25.6l160 320 352 51.2-256 249.6 57.6 352-313.6-166.4-313.6 166.4 57.6-352-256-249.6 352-51.2z"],"attrs":[{"fill":"rgb(245, 197, 24)"}],"isMulticolor":false,"isMulticolor2":false,"grid":0,"tags":["star_gold"]},"attrs":[{"fill":"rgb(245, 197, 24)"}],"properties":{"order":5,"id":0,"name":"star_gold","prevSize":32,"code":59648},"setIdx":0,"setId":2,"iconIdx":0}],"height":1024,"metadata":{"name":"eluvies"},"preferences":{"showGlyphs":true,"showQuickUse":true,"showQuickUse2":true,"showSVGs":true,"fontPref":{"prefix":"icon-","metadata":{"fontFamily":"eluvies","majorVersion":1,"minorVersion":0},"metrics":{"emSize":1024,"baseline":6.25,"whitespace":50},"embed":false,"showSelector":true,"showMetrics":true,"showMetadata":true,"showVersion":true},"imagePref":{"prefix":"icon-","png":true,"useClassSelector":true,"color":0,"bgColor":16777215,"classSelector":".icon","name":"icomoon"},"historySize":50,"showCodes":true,"gridSize":16}}